{
  "total_retail_space": 10332000.0,
  "avg_retail_space_per_capita": 0.006301226925237969,
  "total_retail_gap": 388279322572.7,
  "avg_leakage_rate": 0.9900095633160523,
  "high_opportunity_areas": 15
}