zip_code,total_parcels,avg_lot_size,total_area,zoning_diversity
60601,14655,765759.1469151751,6444590421.820258,1514
