train_r2,test_r2,cv_mean,cv_std
0.9677375320822359,0.22225634667726124,-6.932909924041257,12.318902284623888
