zip_code,retail_gap_score,potential_revenue,category
60602,4.9566849331048815,3392025,health
60609,3.4261282384078546,1705919,electronics
60605,3.1022987682803165,2766753,general
60601,2.7660960335236617,285846,clothing
60610,2.6906318464245955,369594,health
60607,2.3725334499433695,3777264,general
60604,1.0805187876046651,1029441,clothing
60603,0.8903649551178834,4675363,health
60608,0.7839260653244706,1963613,food
60606,0.595275636809203,1633755,health
