zip_code,retail_gap_score,potential_revenue,category
60604,4.8644547201843755,921052,furniture
60603,4.834501427482751,1971403,furniture
60606,4.636020718753968,4554051,clothing
60610,4.618644537510979,2585195,electronics
60602,4.408696076852571,4135493,furniture
60607,3.629350053979914,958158,food
60609,3.129414403653951,3395887,food
60601,2.3010030179241117,2487312,food
60608,1.4756409796392105,2698260,health
60605,0.6953035248417774,3601268,clothing
