zip_code,pop_growth
60601,0.36850062998740024
60604,0.1981651376146789
60605,0.2576547470445701
60611,0.1562971281886732
60654,0.5252290699133928
60661,0.29757746478873237
