train_r2,test_r2,cv_mean,cv_std
0.9737066766452528,0.2330887058889406,-7.449290162744786,13.092496947496889
