metric,value
mse,1067572.9905979764
rmse,1033.2342380109055
r2,0.9983475904423124
